<metadata xml:lang="en"><Esri><CreaDate>20160525</CreaDate><CreaTime>11500700</CreaTime><ArcGISFormat>1.0</ArcGISFormat><SyncOnce>FALSE</SyncOnce><DataProperties><itemProps><itemName Sync="TRUE">DRAFTALKA Corridor</itemName><imsContentType Sync="TRUE">002</imsContentType><nativeExtBox><westBL Sync="TRUE">179065.580627</westBL><eastBL Sync="TRUE">288184.863403</eastBL><southBL Sync="TRUE">2093092.433411</southBL><northBL Sync="TRUE">2243757.774162</northBL><exTypeCode Sync="TRUE">1</exTypeCode></nativeExtBox><itemSize Sync="TRUE">0.133</itemSize><itemLocation><linkage Sync="TRUE">file://\\INPKAHOAPP01\alkashdata\ALKA_KMS\ALKA_GIS\Data\Shape files\DRAFTALKA Corridor.shp</linkage><protocol Sync="TRUE">Local Area Network</protocol></itemLocation></itemProps><coordRef><type Sync="TRUE">Projected</type><geogcsn Sync="TRUE">GCS_North_American_1983</geogcsn><csUnits Sync="TRUE">Linear Unit: Meter (1.000000)</csUnits><projcsn Sync="TRUE">NAD_1983_UTM_Zone_5N</projcsn><peXml Sync="TRUE">&lt;ProjectedCoordinateSystem xsi:type='typens:ProjectedCoordinateSystem' xmlns:xsi='http://www.w3.org/2001/XMLSchema-instance' xmlns:xs='http://www.w3.org/2001/XMLSchema' xmlns:typens='http://www.esri.com/schemas/ArcGIS/10.1'&gt;&lt;WKT&gt;PROJCS[&amp;quot;NAD_1983_UTM_Zone_5N&amp;quot;,GEOGCS[&amp;quot;GCS_North_American_1983&amp;quot;,DATUM[&amp;quot;D_North_American_1983&amp;quot;,SPHEROID[&amp;quot;GRS_1980&amp;quot;,6378137.0,298.257222101]],PRIMEM[&amp;quot;Greenwich&amp;quot;,0.0],UNIT[&amp;quot;Degree&amp;quot;,0.0174532925199433]],PROJECTION[&amp;quot;Transverse_Mercator&amp;quot;],PARAMETER[&amp;quot;False_Easting&amp;quot;,500000.0],PARAMETER[&amp;quot;False_Northing&amp;quot;,0.0],PARAMETER[&amp;quot;Central_Meridian&amp;quot;,-153.0],PARAMETER[&amp;quot;Scale_Factor&amp;quot;,0.9996],PARAMETER[&amp;quot;Latitude_Of_Origin&amp;quot;,0.0],UNIT[&amp;quot;Meter&amp;quot;,1.0],AUTHORITY[&amp;quot;EPSG&amp;quot;,26905]]&lt;/WKT&gt;&lt;XOrigin&gt;-5120900&lt;/XOrigin&gt;&lt;YOrigin&gt;-9998100&lt;/YOrigin&gt;&lt;XYScale&gt;450445547.3910538&lt;/XYScale&gt;&lt;ZOrigin&gt;-100000&lt;/ZOrigin&gt;&lt;ZScale&gt;10000&lt;/ZScale&gt;&lt;MOrigin&gt;-100000&lt;/MOrigin&gt;&lt;MScale&gt;10000&lt;/MScale&gt;&lt;XYTolerance&gt;0.001&lt;/XYTolerance&gt;&lt;ZTolerance&gt;0.001&lt;/ZTolerance&gt;&lt;MTolerance&gt;0.001&lt;/MTolerance&gt;&lt;HighPrecision&gt;true&lt;/HighPrecision&gt;&lt;WKID&gt;26905&lt;/WKID&gt;&lt;LatestWKID&gt;26905&lt;/LatestWKID&gt;&lt;/ProjectedCoordinateSystem&gt;</peXml></coordRef></DataProperties><SyncDate>20160930</SyncDate><SyncTime>13463800</SyncTime><ModDate>20160930</ModDate><ModTime>13463800</ModTime><scaleRange><minScale>150000000</minScale><maxScale>5000</maxScale></scaleRange><ArcGISProfile>ItemDescription</ArcGISProfile></Esri><dataIdInfo><envirDesc Sync="TRUE">Microsoft Windows 7 Version 6.1 (Build 7601) Service Pack 1; Esri ArcGIS 10.2.1.3497</envirDesc><dataLang><languageCode value="eng" Sync="TRUE"/><countryCode value="USA" Sync="TRUE"/></dataLang><idCitation><resTitle Sync="TRUE">DRAFTALKA Corridor</resTitle><presForm><PresFormCd value="005" Sync="TRUE"/></presForm></idCitation><spatRpType><SpatRepTypCd value="001" Sync="TRUE"/></spatRpType><dataExt><geoEle xmlns=""><GeoBndBox esriExtentType="search"><exTypeCode Sync="TRUE">1</exTypeCode><westBL Sync="TRUE">-156.072097</westBL><eastBL Sync="TRUE">-155.011200</eastBL><northBL Sync="TRUE">20.279922</northBL><southBL Sync="TRUE">18.905093</southBL></GeoBndBox></geoEle></dataExt><idPurp>The ALKA Corridor shape file was produced to be used by County and State agencies to reference where Ala Kahakai NHT is interested in reviewing and commenting on projects that could affect ancient and historic trails, and their potential incorporation into a public trail system, in partnership with ALKA, NAH, and County. This corridor reflects to some extent the ALKA Comprehensive Management Plan (CMP), and the inclusion of mauka-makai trails as requested by Kupuna during the CMP/EIS process.</idPurp><idAbs>&lt;DIV STYLE="text-align:Left;"&gt;&lt;DIV&gt;&lt;DIV&gt;&lt;P&gt;&lt;SPAN&gt;The ALKA Corridor shape file was produced to be used by County and State agencies to reference where Ala Kahakai NHT is interested in reviewing and commenting on projects that could affect ancient and historic trails, and their potential incorporation into a public trail system, in partnership with ALKA, NAH, and County. This corridor reflects to some extent the ALKA Comprehensive Management Plan (CMP), and the inclusion of mauka-makai trails as requested by Kupuna during the CMP/EIS process.&lt;/SPAN&gt;&lt;/P&gt;&lt;/DIV&gt;&lt;/DIV&gt;&lt;/DIV&gt;</idAbs><idCredit>Ala Kahakai National Historic Trail</idCredit><searchKeys><keyword>Ala Kahakai NHT Corridor</keyword><keyword>ALKA Corridor</keyword><keyword>NPS Trail Corridor</keyword></searchKeys></dataIdInfo><mdLang><languageCode value="eng" Sync="TRUE"/><countryCode value="USA" Sync="TRUE"/></mdLang><mdChar><CharSetCd value="004" Sync="TRUE"/></mdChar><distInfo><distFormat><formatName Sync="TRUE">Shapefile</formatName></distFormat><distTranOps><transSize Sync="TRUE">0.133</transSize></distTranOps></distInfo><mdHrLv><ScopeCd value="005" Sync="TRUE"/></mdHrLv><mdHrLvName Sync="TRUE">dataset</mdHrLvName><refSysInfo><RefSystem><refSysID><identCode code="26905" Sync="TRUE"/><idCodeSpace Sync="TRUE">EPSG</idCodeSpace><idVersion Sync="TRUE">8.2.6</idVersion></refSysID></RefSystem></refSysInfo><spatRepInfo><VectSpatRep><geometObjs Name="AlaKahakaiNHT_Corridor"><geoObjTyp><GeoObjTypCd value="002" Sync="TRUE"></GeoObjTypCd></geoObjTyp><geoObjCnt Sync="TRUE">3</geoObjCnt></geometObjs><topLvl><TopoLevCd value="001" Sync="TRUE"></TopoLevCd></topLvl></VectSpatRep></spatRepInfo><spdoinfo><direct Sync="TRUE">Vector</direct><ptvctinf><esriterm Name="AlaKahakaiNHT_Corridor"><efeatyp Sync="TRUE">Simple</efeatyp><efeageom code="4" Sync="TRUE"></efeageom><esritopo Sync="TRUE">FALSE</esritopo><efeacnt Sync="TRUE">3</efeacnt><spindex Sync="TRUE">TRUE</spindex><linrefer Sync="TRUE">FALSE</linrefer></esriterm></ptvctinf></spdoinfo><eainfo><detailed Name="AlaKahakaiNHT_Corridor"><enttyp><enttypl Sync="TRUE">AlaKahakaiNHT_Corridor</enttypl><enttypt Sync="TRUE">Feature Class</enttypt><enttypc Sync="TRUE">3</enttypc></enttyp><attr><attrlabl Sync="TRUE">FID</attrlabl><attalias Sync="TRUE">FID</attalias><attrtype Sync="TRUE">OID</attrtype><attwidth Sync="TRUE">4</attwidth><atprecis Sync="TRUE">0</atprecis><attscale Sync="TRUE">0</attscale><attrdef Sync="TRUE">Internal feature number.</attrdef><attrdefs Sync="TRUE">Esri</attrdefs><attrdomv><udom Sync="TRUE">Sequential unique whole numbers that are automatically generated.</udom></attrdomv></attr><attr><attrlabl Sync="TRUE">Shape</attrlabl><attalias Sync="TRUE">Shape</attalias><attrtype Sync="TRUE">Geometry</attrtype><attwidth Sync="TRUE">0</attwidth><atprecis Sync="TRUE">0</atprecis><attscale Sync="TRUE">0</attscale><attrdef Sync="TRUE">Feature geometry.</attrdef><attrdefs Sync="TRUE">Esri</attrdefs><attrdomv><udom Sync="TRUE">Coordinates defining the features.</udom></attrdomv></attr><attr><attrlabl Sync="TRUE">Id</attrlabl><attalias Sync="TRUE">Id</attalias><attrtype Sync="TRUE">Integer</attrtype><attwidth Sync="TRUE">6</attwidth><atprecis Sync="TRUE">6</atprecis><attscale Sync="TRUE">0</attscale></attr></detailed></eainfo><mdDateSt Sync="TRUE">20160525</mdDateSt><idinfo><descript><abstract>This shapefile reflects the Ala Khakai National Historic Trail Corridor, otherwise known as the "Trail Corridor".</abstract><langdata>English (United States)</langdata><purpose>The ALKA Corridor shape file was produced to be used by Federal, County, and State agencies to reference where Ala Kahakai NHT is interested in reviewing and commenting on projects that could affect ancient and historic trails, and their potential incorporation into a public trail system, in partnership with ALKA, NAH, and County. This corridor reflects to some extent the ALKA Comprehensive Management Plan (CMP), and the inclusion of mauka-makai trails as requested by Kupuna during the CMP/EIS process.</purpose><supplinf>Trails located outside of the Trail Corridor may also be included in the Ala Kahakai National Historic Trail Act (Public Law106-509 - Nov. 13, 2000), Connector Trails section (SEC.6 [16USC1245])</supplinf></descript><ptcontac><cntinfo><cntorgp><cntorg>National Park Sevice, Ala Kahakai NHT</cntorg><cntper>Aric Arakaki</cntper></cntorgp><cntpos>Rick Gmirkin</cntpos><hours>M-F, 8AM - 5PM</hours><cntinst>73-4786 Kanalani Street
Kailua-Kona  HI 96743
808-326-6012 ext 102
rick_gmirkin@nps.gov</cntinst><cntvoice>808-326-6012 ext 102</cntvoice><cntemail>rick_gmirkin@nps.gov</cntemail></cntinfo></ptcontac><accconst>This File is intented for use by Federal, State, and County agencies. </accconst><useconst></useconst><datacred>NPS</datacred><natvform></natvform><citation><citeinfo><title></title><pubdate>09/30/2016</pubdate><pubtime>13:41</pubtime><edition>1.0</edition><ftname>AlaKahakaiNHT_Corridor</ftname><origin>Ala Kahakai NHT, NPS</origin><pubinfo/><serinfo/><lworkcit><citeinfo><title></title><pubdate></pubdate><pubinfo/><serinfo/></citeinfo></lworkcit><onlink Sync="TRUE">file://\\INPKAHOAPP01\alkashdata\ALKA_KMS\ALKA_GIS\Data\Shape files\DRAFTALKA Corridor.shp</onlink></citeinfo></citation><keywords><theme><themekt>National Trail System</themekt><themekey>Ala Kahakai NHT</themekey></theme><theme><themekt>Trail</themekt></theme><place><placekt>Hawaii</placekt></place></keywords><secinfo><secsys></secsys><secclass>Unclassified</secclass><sechandl></sechandl></secinfo><native Sync="TRUE">Microsoft Windows 7 Version 6.1 (Build 7601) Service Pack 1; Esri ArcGIS 10.2.1.3497</native><spdom><bounding><westbc Sync="TRUE">179065.580627441</westbc><eastbc Sync="TRUE">288184.86340332</eastbc><northbc Sync="TRUE">2243757.77416153</northbc><southbc Sync="TRUE">2093092.43341064</southbc></bounding></spdom></idinfo><metainfo><langmeta Sync="TRUE">en</langmeta><metd Sync="TRUE">20160930</metd></metainfo><spref><horizsys><cordsysn><projcsn Sync="TRUE">NAD_1983_UTM_Zone_5N</projcsn><geogcsn Sync="TRUE">GCS_North_American_1983</geogcsn></cordsysn><geodetic><horizdn Sync="TRUE">D_North_American_1983</horizdn><ellips Sync="TRUE">GRS_1980</ellips><semiaxis Sync="TRUE">6378137</semiaxis></geodetic></horizsys></spref></metadata>
